accuracy,precision,recall,f1,roc_auc,eval_time_sec
0.9965612104539202,1.0,0.9941451990632318,0.9970640046975925,0.9999551131928182,14.492104291915894
