filename,true_label,pred_label,probability
cast_def_0_4710_jpeg.rf.4a1b83982536d635a958f52a4b461d49.jpg,1,0,0.025142621248960495
cast_def_0_1016_jpeg.rf.cf0e92f17a651e4a17fa2d9387b626c9.jpg,1,0,0.11085796356201172
cast_def_0_7847_jpeg.rf.b90ac11e317f32e46d65e806a092d96f.jpg,1,0,0.20615114271640778
cast_def_0_2535_jpeg.rf.47bf8c389d9a4d341d328069a21a4fb3.jpg,1,0,0.31484538316726685
cast_def_0_8041_jpeg.rf.ae81c15073e16eb5340941eaaa9293bb.jpg,1,0,0.28001195192337036
