warehouse,count,mean,std,min,max
Prague_1,1193,8535.336965632858,1215.9825281812757,3754.0,18139.0
Brno_1,1193,7274.532271584241,962.283378834339,4203.0,11741.0
Budapest_1,1154,5555.8648180242635,688.1138435428327,3897.0,8779.0
Prague_2,1193,5142.093042749371,693.8209439342545,2295.0,10004.0
Prague_3,1193,4705.911148365465,607.034011202407,2129.0,8387.0
Munich_1,785,3396.0929936305733,1294.25012772913,790.0,7498.0
Frankfurt_1,629,1499.0683624801272,232.91869381952725,929.0,2272.0
